FID,OBJECTID,XX,YY
0,0,117.239483581000002,34.252387818999999
1,0,117.240677073000001,34.252493101699997
2,0,117.239021708999999,34.251746007599998
3,0,117.239867083999997,34.250443946899999
4,0,117.239697277000005,34.249043694599997
5,0,117.239292325999998,34.248381120200001
6,0,117.240858774000003,34.249311480800003
7,0,117.242238658999995,34.249479679399997
8,0,117.242741620000004,34.249050988999997
9,0,117.241849540999993,34.248344142599997
10,0,117.242624114999998,34.248073417699999
11,0,117.243564477999996,34.248362834100000
12,0,117.239529414000003,34.245978046700003
13,0,117.240573638000001,34.245814984799999
14,0,117.239745589999998,34.245597072800003
15,0,117.239488961999996,34.244987232500002
16,0,117.239134020999998,34.243415872999996
17,0,117.242614513999996,34.247238890500000
18,0,117.241805589999998,34.245971931600003
19,0,117.243574492999997,34.244793198899998
20,0,117.243252311000006,34.245847915500001
21,0,117.243785829000004,34.246935351499999
22,0,117.243094545000005,34.244252210299997
23,0,117.245047306999993,34.242971603299999
24,0,117.244530205999993,34.242930846999997
25,0,117.244956004000002,34.243336149199997
26,0,117.242645741999993,34.242900783099998
27,0,117.241563057999997,34.244478393599998
28,0,117.192802427000004,34.264712992000000
29,0,117.191903855000007,34.263842111800002
30,0,117.192714644000006,34.263578747600000
31,0,117.193484127999994,34.264358925700002
32,0,117.193749679000007,34.263800752300000
33,0,117.193688862000002,34.263187222600003
34,0,117.194048932000001,34.263408476599999
35,0,117.193926622999996,34.262989638400001
36,0,117.193457382000005,34.262715271099999
37,0,117.193972493999993,34.262748231400003
38,0,117.194894130999998,34.263563537099998
39,0,117.195476206999999,34.262438781299998
40,0,117.193789699999996,34.262238011699999
41,0,117.190120948000001,34.262503724399998
42,0,117.190753776999998,34.262253917099997
43,0,117.190769785000001,34.260793545399999
44,0,117.192216176000002,34.259975642800001
45,0,117.184954566000002,34.263783667600002
46,0,117.185622187999996,34.263248946099999
47,0,117.184966204999995,34.262801329699997
48,0,117.241820892000007,34.251312452100002
49,0,117.242085767999995,34.250263061200002
50,0,117.239098221999996,34.249824360799998
51,0,117.181608506000003,34.255676256100003
52,0,117.181979100999996,34.255090524600000
53,0,117.185233803000003,34.255108488300003
54,0,117.193404153000003,34.264001221500003
55,0,117.241141815999995,34.243136595000003
56,0,117.200270811999999,34.244957663100003
57,0,117.199368977999995,34.245858059500002
58,0,117.198845758999994,34.246441064599999
59,0,117.198570282000006,34.246746435699997
60,0,117.186588776999997,34.263035596599998
61,0,117.186548244999997,34.262165623100003
62,0,117.186595523999998,34.261823799600002
63,0,117.186644485000002,34.261307854000002
64,0,117.183062800000002,34.262324254200003
65,0,117.183173779000001,34.261358187600003
66,0,117.183527557999994,34.261097531300003
67,0,117.180545850000001,34.261008820900003
68,0,117.239671935999993,34.251362607600001
69,0,117.239381766999998,34.251028387700003
70,0,117.181007713000000,34.258439016300002
71,0,117.181259888000000,34.255739501500003
72,0,117.182013531999999,34.254866783600001
73,0,117.179591462999994,34.252728978000000
74,0,117.179715711000000,34.253029990000002
75,0,117.182994737000001,34.254605355000002
76,0,117.183707204000001,34.254289824600001
77,0,117.183851275999999,34.254163898199998
78,0,117.183356681000006,34.253976018000003
79,0,117.183930468000000,34.253901140499998
80,0,117.184203941000007,34.254661984999998
81,0,117.185501912999996,34.255626759899997
82,0,117.185496267999994,34.254616409500002
83,0,117.185793873999998,34.253921486300001
84,0,117.184374973000004,34.253584385300002
85,0,117.184283074999996,34.254174098400000
86,0,117.184895276999995,34.254179892700002
87,0,117.182562773000001,34.252107355299998
88,0,117.182376364000007,34.251935436899998
89,0,117.186907418000004,34.257546305200002
90,0,117.186762470999994,34.257127685000000
91,0,117.187284117999994,34.256669534499999
92,0,117.186878948000000,34.256314592700001
93,0,117.188005833999995,34.259057813200002
94,0,117.187528104999998,34.258717517999997
95,0,117.189612819999994,34.259145444799998
96,0,117.187966058000001,34.258492565200001
97,0,117.190189344999993,34.248561441800000
98,0,117.189365890999994,34.258563684800002
99,0,117.188824623000002,34.258331437400003
100,0,117.187831059000004,34.258189565400002
101,0,117.188477316000004,34.257953984600000
102,0,117.187683586000006,34.257583110900001
103,0,117.188563266000003,34.257327863900002
104,0,117.189285154999993,34.257469520500003
105,0,117.189912342000000,34.258242252000002
106,0,117.187704334000003,34.256986384500003
107,0,117.188433036999996,34.256874593100001
108,0,117.189457437000002,34.257031067299998
109,0,117.189753679999995,34.257133784799997
110,0,117.188499840000006,34.256514721300000
111,0,117.189179929999995,34.256212263400002
112,0,117.188481945999996,34.256081675700003
113,0,117.189300094999993,34.255774361299999
114,0,117.188876758000006,34.255244163599997
115,0,117.188303516000005,34.254704479300003
116,0,117.189621979999998,34.255119189600002
117,0,117.190134599000004,34.254831646299998
118,0,117.188771794999994,34.254361177699998
119,0,117.190601401999999,34.254634648600003
120,0,117.190737859999999,34.253983561799998
121,0,117.189732886000002,34.253702490899997
122,0,117.190711394000004,34.252964898800002
123,0,117.191769938999997,34.252782692099998
124,0,117.192558012000006,34.252936495500002
125,0,117.191542362000007,34.253047176099997
126,0,117.192272126999995,34.254075716199999
127,0,117.191340233000005,34.254103363500001
128,0,117.187263680000001,34.257089351600001
129,0,117.187739828000005,34.261910099100000
130,0,117.199921070000002,34.246431369200003
131,0,117.191816598000003,34.254326199899999
132,0,117.191779201000003,34.254555746800001
133,0,117.194049354000001,34.253390421500001
134,0,117.194214938000002,34.253116787200000
135,0,117.193881501000007,34.252715551500003
136,0,117.193680461000000,34.257142358499998
137,0,117.193216762000006,34.256873260299997
138,0,117.192562760000001,34.256741681800001
139,0,117.192591738999994,34.256474636999997
140,0,117.195384606999994,34.258165064600000
141,0,117.192527267000003,34.259516258600001
142,0,117.192095168999998,34.258969486100000
143,0,117.192145632000006,34.258666478000002
144,0,117.192427022999993,34.258533372199999
145,0,117.192360594999997,34.258275301899999
146,0,117.192107606999997,34.257674335399997
147,0,117.191732115999997,34.257328210499999
148,0,117.192006086999996,34.256984344899998
149,0,117.191988817999999,34.256574975800000
150,0,117.205654425000006,34.252237908799998
151,0,117.207967546000006,34.252383008000002
152,0,117.208549692000005,34.251793351000003
153,0,117.208764568000007,34.252387206500003
154,0,117.205524354000005,34.249750274400000
155,0,117.205115644000003,34.248766979800003
156,0,117.205187922999997,34.248277009399999
157,0,117.204763225999997,34.248373005500000
158,0,117.206269904999999,34.247586458800001
159,0,117.206299655999999,34.247317127499997
160,0,117.205863784000002,34.247313222899997
161,0,117.206633995999994,34.246996625599998
162,0,117.204727922000004,34.246536176500001
163,0,117.205608154999993,34.245498360699997
164,0,117.207950358999994,34.246613363199998
165,0,117.200194193000002,34.246741440999998
166,0,117.200114948999996,34.246980694900003
167,0,117.210000746999995,34.246961236799997
168,0,117.210027087000000,34.246465355399998
169,0,117.209855942999994,34.245853012799998
170,0,117.207704535999994,34.246245146900002
171,0,117.207375433999999,34.244722321499999
172,0,117.208364188999994,34.244549387500001
173,0,117.207587482999998,34.243632234099998
174,0,117.207918195999994,34.243178770699998
175,0,117.209612543999995,34.243546953799999
176,0,117.210704786999997,34.243440609399997
177,0,117.208840804999994,34.242689166600002
178,0,117.209521953000007,34.242641373799998
179,0,117.210183866999998,34.242583930899997
180,0,117.210738160000005,34.242558380399998
181,0,117.180885697999997,34.255814828500000
182,0,117.180995921000005,34.255506974799999
183,0,117.180944756000002,34.255146242599999
184,0,117.191447057999994,34.260865665300003
185,0,117.191860435999999,34.261577195000001
186,0,117.192486504000001,34.261593005599998
187,0,117.192129639000001,34.261108129699998
188,0,117.192737180999998,34.261063669999999
189,0,117.193294054999996,34.261173275300003
190,0,117.193140159999999,34.260707926599999
191,0,117.192845629000004,34.260548105300003
192,0,117.193754029000004,34.260316739399997
193,0,117.203041515999999,34.244175198400001
194,0,117.202890432000004,34.244435340899997
195,0,117.203031074999998,34.245257431200002
196,0,117.202038654999996,34.245110981499998
197,0,117.202327542000006,34.245586585399998
198,0,117.201250010999999,34.245784441700003
199,0,117.201906901000001,34.245981597300002
200,0,117.202738408000002,34.246161392799998
201,0,117.202209228000001,34.246730009799997
202,0,117.200811060999996,34.249003680199998
203,0,117.201649768999999,34.249084173500002
204,0,117.201169738999994,34.249513439799998
205,0,117.200579833999996,34.250853030700000
206,0,117.198237750999994,34.247243882100001
207,0,117.198207495999995,34.247521187899999
208,0,117.197626967000005,34.247899524200001
209,0,117.196845850000003,34.248071602899998
210,0,117.196610000000007,34.248278198800001
211,0,117.196816382999998,34.248653852300002
212,0,117.230679234999997,34.210136231900002
213,0,117.219734205999998,34.260180661299998
214,0,117.197756240999993,34.263178924100004
215,0,117.205820356000004,34.265569749000001
216,0,117.204169769000003,34.265062766500002
217,0,117.205237553000003,34.264996741200001
218,0,117.204232579000006,34.264472324600000
219,0,117.205954362000000,34.264663320799997
220,0,117.206889649999994,34.264443373200002
221,0,117.205293349000002,34.264308599800003
222,0,117.204287156999996,34.264135657700002
223,0,117.204333289000004,34.263716244500003
224,0,117.205321845000000,34.263520723500001
225,0,117.206688377999996,34.263692244900000
226,0,117.207473734000004,34.263552072400003
227,0,117.206514657000000,34.263049758900003
228,0,117.207464009000006,34.262811683099997
229,0,117.204197128999994,34.263185837000002
230,0,117.204401180000005,34.262649839399998
231,0,117.200714748999999,34.249518692099997
232,0,117.235202439000005,34.215648340500003
233,0,117.205756334000000,34.262633379900002
234,0,117.209073962000005,34.263625797899998
235,0,117.210067644000006,34.264210916800003
236,0,117.210493588000006,34.268227352099998
237,0,117.211146112999998,34.267573646800003
238,0,117.211980779000001,34.267423448499997
239,0,117.212992725999996,34.268087161200000
240,0,117.209106516000006,34.265912243999999
241,0,117.208458957000005,34.265622021600002
242,0,117.207825956999997,34.265827720300003
243,0,117.208731442000001,34.265177388300003
244,0,117.210816273999995,34.266605302400002
245,0,117.211150756999999,34.266986898799999
246,0,117.211699190999994,34.266394280699998
247,0,117.211397383000005,34.265896970900002
248,0,117.211012452000006,34.265528323500000
249,0,117.212493847000005,34.266327584499997
250,0,117.212939159000001,34.266186554299999
251,0,117.213456966999999,34.266514485499997
252,0,117.212659320000000,34.265871873000002
253,0,117.212317468999998,34.265237208199999
254,0,117.212789584000006,34.265382309200000
255,0,117.212175778000002,34.264251747199999
256,0,117.212952018999999,34.263455318299997
257,0,117.213563786999998,34.263404747700001
258,0,117.213613050999996,34.262941827699997
259,0,117.213068524999997,34.262875248400000
260,0,117.214799525999993,34.263041045700000
261,0,117.215546660000001,34.263158556900002
262,0,117.217551938000000,34.263481667400001
263,0,117.237091538000001,34.247123290099999
264,0,117.236143407000000,34.247200365700003
265,0,117.237016061999995,34.246200240500002
266,0,117.237013892999997,34.245553899999997
267,0,117.259734968999993,34.250451528799999
268,0,117.259673954999997,34.249934790899999
269,0,117.258626433000003,34.250330218499997
270,0,117.258602808999996,34.249526147200001
271,0,117.258777666000000,34.249034460099999
272,0,117.257698719999993,34.248933182999998
273,0,117.257028008999995,34.249077106900003
274,0,117.257548904999993,34.249456580000000
275,0,117.256924545999993,34.249916193799997
276,0,117.257567809999998,34.250049667399999
277,0,117.203231991999999,34.273284561399997
278,0,117.204240618000000,34.272255978700002
279,0,117.205371116999999,34.272250008500002
280,0,117.205041512999998,34.272736225899997
281,0,117.205386989000004,34.273772014499997
282,0,117.206579427999998,34.273592273699997
283,0,117.206591020000005,34.272889018900003
284,0,117.206729804999995,34.272495016199997
285,0,117.206923359000001,34.272690593100002
286,0,117.207805636000003,34.273378474300003
287,0,117.207678113000000,34.273038466700001
288,0,117.208493618000006,34.272958895099997
289,0,117.209373455999994,34.273351341300000
290,0,117.210087090000002,34.273297863499998
291,0,117.210064459999998,34.272738094799998
292,0,117.210871976000007,34.272949105999999
293,0,117.211201222000000,34.273587303399999
294,0,117.212649162000005,34.273947491999998
295,0,117.197700827999995,34.264060664900001
296,0,117.198208847999993,34.262798121899998
297,0,117.198138667999999,34.262150230400003
298,0,117.219242648000005,34.254812963500001
299,0,117.219311677999997,34.254133945800000
300,0,117.220415732999996,34.253665340200001
301,0,117.220680780999999,34.254403408400002
302,0,117.220602239000002,34.255029048600001
303,0,117.221841647999995,34.255067148300000
304,0,117.221744149000003,34.254236877200000
305,0,117.222704820999994,34.254048656000002
306,0,117.198602679000004,34.249199615599998
307,0,117.199702853000005,34.250022219000002
308,0,117.199647893000005,34.250361977300003
309,0,117.198461284999993,34.250236057000002
310,0,117.199091910999996,34.250709952500003
311,0,117.227857237999999,34.212271680299999
312,0,117.228443424000005,34.211893121300001
313,0,117.229570878999994,34.211802843599997
314,0,117.263631477999994,34.250183558800003
315,0,117.262197064000006,34.249336621700003
316,0,117.254015871999997,34.258227078799997
317,0,117.254372511000000,34.257530529599997
318,0,117.254682944999999,34.255992259999999
319,0,117.230132914999999,34.211674477300001
320,0,117.229362813999998,34.211503124300002
321,0,117.230019741999996,34.211232205800002
322,0,117.229789869000001,34.210559794900000
323,0,117.230603355000000,34.210542080000003
324,0,117.230900598000005,34.209623422100002
325,0,117.231234291999996,34.208829671099998
326,0,117.231462231999998,34.208614095100003
327,0,117.229557123000006,34.242043184200000
328,0,117.230301526999995,34.241738336600001
329,0,117.230852491999997,34.241269657300002
330,0,117.232167896999997,34.241300919200000
331,0,117.231624069000006,34.242061439399997
332,0,117.234112077999995,34.241631491500002
333,0,117.233995179999994,34.240837894999999
334,0,117.235405172000000,34.240715363299998
335,0,117.235582448000002,34.241600092399999
336,0,117.236964959999995,34.241301933300001
337,0,117.236931538999997,34.240677987200002
338,0,117.239068058000001,34.241545059899998
339,0,117.239120956999997,34.240911246000003
340,0,117.239841841000000,34.240564004500001
341,0,117.240592058999994,34.240858352399997
342,0,117.240770732000001,34.241608466599999
343,0,117.241342587000005,34.240556755100002
344,0,117.242035889999997,34.240906289199998
345,0,117.242013448999998,34.241525904299998
346,0,117.243277590000005,34.241514399300002
347,0,117.261547964000002,34.246674554800002
348,0,117.261574299000003,34.246274043500001
349,0,117.261766351000006,34.245719013399999
350,0,117.261833150000001,34.251681261599998
351,0,117.261849869000002,34.251144159100001
352,0,117.262968254000000,34.251902802799997
353,0,117.262981068000002,34.251132398300001
354,0,117.263939246000007,34.251769904500001
355,0,117.261911851999997,34.250205017500001
356,0,117.262714023000001,34.249932363399999
357,0,117.230064932999994,34.250192414200001
358,0,117.231309628999995,34.250017780699999
359,0,117.217985083000002,34.268600897100001
360,0,117.216746899000000,34.270171331800000
361,0,117.216283320000002,34.269131980899999
362,0,117.217470947999999,34.273444224400002
363,0,117.217386977999993,34.273070528799998
364,0,117.211527079999996,34.263353912299998
365,0,117.197108129000000,34.251825589699997
366,0,117.196118194999997,34.251487633799997
367,0,117.196496995999993,34.251007257500000
368,0,117.196438610000001,34.250507220199999
369,0,117.197552279999996,34.251086731000001
370,0,117.197945946999994,34.251312869200000
371,0,117.198334721999998,34.251001888499999
372,0,117.197826809999995,34.250562056100001
373,0,117.199438521999994,34.251437104300003
374,0,117.226903289000006,34.252420067999999
375,0,117.227925931000001,34.252012241999999
376,0,117.228959994999997,34.251993697899998
377,0,117.227480065999998,34.250947590800003
378,0,117.228975379000005,34.250491508200000
379,0,117.227275761000001,34.250111003100002
380,0,117.226462462000001,34.249758185799998
381,0,117.227418553000007,34.249168657600002
382,0,117.228858137000003,34.249022166400003
383,0,117.231420643000007,34.251913122399998
384,0,117.230653713999999,34.251168493300000
385,0,117.231907863999993,34.250653871799997
386,0,117.237455193000002,34.250276590799999
387,0,117.237080371999994,34.249307967400000
388,0,117.237170590999995,34.248570066100001
389,0,117.208041069999993,34.273059866399997
390,0,117.235247604999998,34.245446614800002
391,0,117.235105923000006,34.247296977600001
392,0,117.234487267999995,34.247309197500002
393,0,117.233694958000001,34.247026659200003
394,0,117.233656126000000,34.246579046800001
395,0,117.233834814000005,34.245504807899998
396,0,117.237515994000006,34.243848283699997
397,0,117.237515443999996,34.243475531100003
398,0,117.236247968000001,34.244683567499997
399,0,117.236394809000004,34.243770163599997
400,0,117.236231211000003,34.243068709200003
401,0,117.234830688000002,34.244284090299999
402,0,117.259464674000000,34.259770353400000
403,0,117.262379671999994,34.260845446399998
404,0,117.263296373000003,34.260315016900002
405,0,117.261239920999998,34.246903307899998
406,0,117.262229466999997,34.247012822499997
407,0,117.263793514000000,34.246769039500002
408,0,117.263762987999996,34.246190931800001
409,0,117.232267645999997,34.266566513800001
410,0,117.231086977000004,34.266380792200003
411,0,117.231159360999996,34.265367997200002
412,0,117.231644652000000,34.265620341000002
413,0,117.232414464000001,34.265658573600000
414,0,117.229949886000000,34.265499024800000
415,0,117.229779336999997,34.265155494900000
416,0,117.206662362000003,34.252201108800001
417,0,117.206846171999999,34.252190113499999
418,0,117.206329390999997,34.251354668300003
419,0,117.256812902999997,34.195345047700002
420,0,117.256081374999994,34.193025739699998
421,0,117.254008525000003,34.193412530499998
422,0,117.254520138000004,34.193407653300000
423,0,117.253890784999996,34.192820666599999
424,0,117.254730147000004,34.192837054100004
425,0,117.255290575000004,34.192353354399998
426,0,117.255697280999996,34.192000639600003
427,0,117.256130184000000,34.191548214199997
428,0,117.254861908999999,34.191272261100004
429,0,117.255629505000002,34.190934118999998
430,0,117.254603153000005,34.190795428900003
431,0,117.255186369000000,34.190477078599997
432,0,117.258257080999996,34.190793477100001
433,0,117.256322103000002,34.190151197100001
434,0,117.256535924999994,34.189481711900001
435,0,117.257442744000002,34.188813693299998
436,0,117.272163621000004,34.191855392999997
437,0,117.270452990999999,34.193620422999999
438,0,117.273448162999998,34.191146454699997
439,0,117.270648839000003,34.190617722600003
440,0,117.274233730999995,34.188944241199998
441,0,117.269515155999997,34.188927187300003
442,0,117.267018328999995,34.186834253599997
443,0,117.269702609999996,34.185275093400001
444,0,117.270362194000000,34.185479577000002
445,0,117.270486757000000,34.184511397599998
446,0,117.272496253000000,34.184610807100000
447,0,117.272909467999995,34.184013583199999
448,0,117.270429948000000,34.183217591999998
449,0,117.272998372999993,34.183125012600001
450,0,117.271580278000002,34.182178096700000
451,0,117.271405048000005,34.181788420300002
452,0,117.271410670999998,34.180945786800002
453,0,117.281543819000007,34.195154370300003
454,0,117.234100213999994,34.244090596200003
455,0,117.234561223000000,34.243513640600000
456,0,117.234004145000000,34.243230581600002
457,0,117.235264365000006,34.242997360799997
458,0,117.230388043999994,34.247472883199997
459,0,117.230342969999995,34.246799880399998
460,0,117.230336640000004,34.245685470200002
461,0,117.228669982000000,34.245967441499999
462,0,117.228716374000001,34.247199996100001
463,0,117.229343358999998,34.247487041799999
464,0,117.227941080999997,34.245853926999999
465,0,117.227002510000005,34.246228548200001
466,0,117.227120331999998,34.246848563100002
467,0,117.227040528000003,34.247514542300003
468,0,117.227943992999997,34.247854637800003
469,0,117.224362510999995,34.243651590399999
470,0,117.225053936999998,34.244271409400000
471,0,117.224116871000007,34.244696181099997
472,0,117.224367150999996,34.245100654100000
473,0,117.223470392999999,34.244244053599999
474,0,117.185372950000001,34.253680096300002
475,0,117.183749359999993,34.252490192600000
476,0,117.186059198999999,34.252429919199997
477,0,117.186350211999994,34.251376907199997
478,0,117.183442920000005,34.249669748499997
479,0,117.183559204999995,34.249428536899998
480,0,117.184275141000001,34.248521601299998
481,0,117.192898036000003,34.251783765399999
482,0,117.191582875999998,34.251438264599997
483,0,117.192212259000001,34.250987949399999
484,0,117.192609950999994,34.250537833000003
485,0,117.192969372999997,34.249757603799999
486,0,117.191103794000000,34.250003459399998
487,0,117.188161132000005,34.250852964800004
488,0,117.188271903000000,34.249473967999997
489,0,117.188801370999997,34.248931076200002
490,0,117.188776958000005,34.247085831600003
491,0,117.190307419000007,34.249372723800001
492,0,117.189949917999996,34.248463768400001
493,0,117.190394773999998,34.248065004300003
494,0,117.188148921999996,34.247771661300000
495,0,117.190427823999997,34.247548955600003
496,0,117.189492849000004,34.246342920899998
497,0,117.185479345999994,34.246875954200000
498,0,117.231260700999997,34.249293911099997
499,0,117.231915104999999,34.249533778900002
500,0,117.230553189999995,34.248946719599999
501,0,117.234471236000005,34.250034954800000
502,0,117.234915596999997,34.249733246600002
503,0,117.233462509000006,34.249073716200002
504,0,117.234207010000006,34.248610032700000
505,0,117.235026497999996,34.248483456400002
506,0,117.234966877000005,34.249113751400003
507,0,117.232374733000000,34.243860971700002
508,0,117.231476666999995,34.243877501900002
509,0,117.230071340999999,34.243484787500002
510,0,117.230082644999996,34.243177197599998
511,0,117.229745644999994,34.243188285099997
512,0,117.229692704000001,34.243827571499999
513,0,117.230149183999998,34.244488370600003
514,0,117.229698866999996,34.244503526199999
515,0,117.227867062000001,34.243247894400000
516,0,117.227811465000002,34.243927105700003
517,0,117.227100837999998,34.243564523000003
518,0,117.226795725000002,34.244185134500000
519,0,117.227484473999993,34.244666372600001
520,0,117.231801103999999,34.246816617999997
521,0,117.231712493000003,34.247705985800003
522,0,117.220861393000007,34.242474497800004
523,0,117.221053936000004,34.242616286599997
524,0,117.221540547000004,34.242430428200002
525,0,117.222128788000006,34.241964644200003
526,0,117.222826608999995,34.242424111299997
527,0,117.223709674999995,34.241792104399998
528,0,117.223852961999995,34.242131531799998
529,0,117.224846944000006,34.241737102899997
530,0,117.245881784999995,34.252493777700003
531,0,117.246695329000005,34.252500090799998
532,0,117.246804858999994,34.252057989100003
533,0,117.246769485000002,34.251602327699999
534,0,117.246073007000007,34.251713159700003
535,0,117.246238392999999,34.250433257200001
536,0,117.247045516000000,34.250494178899999
537,0,117.247043742000002,34.249960741199999
538,0,117.246379097000002,34.249522861199999
539,0,117.245642525999997,34.249406692800001
540,0,117.246326777999997,34.249101024200002
541,0,117.246399546999996,34.248728813400000
542,0,117.247184473000004,34.248644553100000
543,0,117.248113521999997,34.252476722499999
544,0,117.249434088000001,34.252643117300003
545,0,117.250659361999993,34.252721851499999
546,0,117.248154645000000,34.251612425700003
547,0,117.248784891000000,34.251714820700002
548,0,117.249541846000000,34.251713044299997
549,0,117.250262336999995,34.251764565199998
550,0,117.248393417000003,34.250597557200003
551,0,117.249155603000005,34.250568378899999
552,0,117.249771029000001,34.250729977399999
553,0,117.251149956999996,34.250811269400003
554,0,117.250933426000003,34.249750788299998
555,0,117.249175600000001,34.249727316300003
556,0,117.249385799999999,34.249188439800001
557,0,117.250185302000006,34.248695128400001
558,0,117.250780882000001,34.248728314200001
559,0,117.251095957000004,34.249220292099999
560,0,117.249405705000001,34.247001349000001
561,0,117.251030514000007,34.247245727699998
562,0,117.248771375000004,34.246404885600001
563,0,117.249382693000001,34.245555535400001
564,0,117.250954039000007,34.245419051600003
565,0,117.251543222999999,34.245924528700002
566,0,117.251130766000003,34.246327891200004
567,0,117.250185569999999,34.244513290199997
568,0,117.250410711000001,34.244530072499998
569,0,117.249632696999996,34.243916959499998
570,0,117.250490557000006,34.243862781799997
571,0,117.246323243000006,34.246969334200003
572,0,117.246174558999996,34.246030967899998
573,0,117.246500971000003,34.245442849299998
574,0,117.248347898000006,34.245542761199999
575,0,117.248157828999993,34.246490165200001
576,0,117.248106858000000,34.247259630300000
577,0,117.248512478999999,34.241708993000003
578,0,117.248537704000000,34.241199930299999
579,0,117.249872065000005,34.241379633500003
580,0,117.251330135000003,34.241678564099999
581,0,117.251329162000005,34.241313025300002
582,0,117.262349211000000,34.259461303300000
583,0,117.262182315999993,34.258830453500003
584,0,117.262085479999996,34.258226978000003
585,0,117.263257433000007,34.259548963299999
586,0,117.263873797000002,34.259491756499997
587,0,117.263935344999993,34.258992763999998
588,0,117.262420399999996,34.260145077700003
589,0,117.263728560999994,34.261243655900003
590,0,117.259127542000002,34.260393143000002
591,0,117.260337476000004,34.260031392499997
592,0,117.253733815999993,34.258695486699999
593,0,117.254247527999993,34.258731942300003
594,0,117.253971550000003,34.251109790999998
595,0,117.254769779000000,34.251239416200001
596,0,117.254898694999994,34.250515332900001
597,0,117.254825964999995,34.250019361900002
598,0,117.255430864999994,34.249541914700004
599,0,117.257489974999999,34.253419854500002
600,0,117.257004441000007,34.253278715500002
601,0,117.257036056999993,34.252667656600003
602,0,117.256734761000004,34.252316519099999
603,0,117.258021971999995,34.252425806100000
604,0,117.263669304999993,34.258435045699997
605,0,117.261960337000005,34.257740515800002
606,0,117.208824590999996,34.260632080900002
607,0,117.208870138999998,34.260464085300001
608,0,117.209460046000004,34.260171130099998
609,0,117.209466883000005,34.260148220500000
610,0,117.208529479999996,34.261342620800001
611,0,117.199500865000005,34.262145326300001
612,0,117.200413115999993,34.262084685900000
613,0,117.198662472999999,34.260113058899996
614,0,117.198254203000005,34.257519503099999
615,0,117.182924529000005,34.251565281399998
616,0,117.183005722000004,34.252183410999997
617,0,117.234022964000005,34.215376455900000
618,0,117.233372743000004,34.214477037199998
619,0,117.233962816000002,34.216884026400002
620,0,117.190156071000004,34.249701610499997
621,0,117.188757464000005,34.251091960499998
622,0,117.254081420000006,34.256109711199997
623,0,117.253752622999997,34.255847985599999
624,0,117.237190268000006,34.252024974800001
625,0,117.236992478999994,34.251799843800001
626,0,117.236915331000006,34.251439391900000
627,0,117.237176265000002,34.250849572400000
628,0,117.237012687999993,34.250569006600003
629,0,117.234338995000002,34.251745815900001
630,0,117.233664512999994,34.251422478099997
631,0,117.233710991999999,34.250783643900000
632,0,117.234565191000002,34.251119013500002
633,0,117.234457269000004,34.250515134899999
634,0,117.235150047999994,34.250955511900003
635,0,117.235255906000006,34.250653283900000
636,0,117.235170667999995,34.251924721800002
637,0,117.235184744999998,34.251580128500002
638,0,117.251139687999995,34.243453088700001
639,0,117.251104912000002,34.243100511400002
640,0,117.224289174000006,34.260284986899997
641,0,117.224365255999999,34.260232234000000
642,0,117.224758730999994,34.259209225600003
643,0,117.237344965999995,34.258682352199997
644,0,117.215339846999996,34.252825260000002
645,0,117.217317073000004,34.252712044100001
646,0,117.216890003000003,34.251989410000000
647,0,117.217507573999995,34.251530130799999
648,0,117.216410420000003,34.251232125400001
649,0,117.215599428000004,34.251509616400000
650,0,117.246768016000004,34.257264039799999
651,0,117.247860961000001,34.258161418400000
652,0,117.248844098999996,34.257784593200000
653,0,117.249135538999994,34.257145113299998
654,0,117.249261790000006,34.256636320500000
655,0,117.248301459000004,34.256381221200002
656,0,117.247108827999995,34.256931055800003
657,0,117.247301703000005,34.256634994199999
658,0,117.249363055000003,34.255887062600003
659,0,117.250064163999994,34.255731666999999
660,0,117.250995395000004,34.255325405699999
661,0,117.251707236000001,34.256257683800001
662,0,117.250334366999994,34.257367499899999
663,0,117.250279704999997,34.258157033000003
664,0,117.251443023999997,34.258517156800004
665,0,117.252203034000004,34.258583652600002
666,0,117.247499066000003,34.262865636800001
667,0,117.247301722000003,34.263422703099998
668,0,117.245806622999993,34.264475879800003
669,0,117.244259314999994,34.263732735399998
670,0,117.244269392999996,34.262590181900002
671,0,117.244094786999995,34.261665475100003
672,0,117.244678522000001,34.261314931699999
673,0,117.241307828000004,34.257332381600001
674,0,117.241296906000002,34.256537435399999
675,0,117.241733788999994,34.256168111100003
676,0,117.240564651000000,34.255456009400000
677,0,117.238501733000007,34.256034598299998
678,0,117.239094660999996,34.256446814599997
679,0,117.239034707000002,34.257422306400002
680,0,117.239805723000003,34.257476402700000
681,0,117.240518121999997,34.257530664100003
682,0,117.240483557000005,34.258326782200001
683,0,117.239422282999996,34.258275741100000
684,0,117.240792025000005,34.260536146500002
685,0,117.239500855000003,34.260314259099999
686,0,117.238698909999997,34.260276068600000
687,0,117.238956354999999,34.260951418600001
688,0,117.238749608000006,34.261306644299999
689,0,117.238671198000006,34.261852689700000
690,0,117.239295143999996,34.261845033800000
691,0,117.240094936000006,34.262063812000001
692,0,117.240558918000005,34.262104947799997
693,0,117.240365131000004,34.261746804600001
694,0,117.240358276999999,34.261132476100002
695,0,117.236728704000001,34.261980977599997
696,0,117.235960243999997,34.261371418499998
697,0,117.236829213999997,34.261064702799999
698,0,117.237021287000005,34.259997285499999
699,0,117.236002094000000,34.259589817699997
700,0,117.236867154999999,34.259046531899997
701,0,117.236985814999997,34.258689719899998
702,0,117.236944133999998,34.258071326600003
703,0,117.236830252999994,34.258314458699999
704,0,117.236990266000006,34.257425880200003
705,0,117.237109641999993,34.257207219100003
706,0,117.237122092000007,34.256764855199997
707,0,117.237088397999997,34.256481598999997
708,0,117.238601294000006,34.258649958500001
709,0,117.239332472000001,34.258685433799997
710,0,117.239829760000006,34.259479536599997
711,0,117.240518273000006,34.259422882099997
712,0,117.240107644999995,34.258869413900001
713,0,117.236842406999997,34.254651279999997
714,0,117.237181899000007,34.254158386999997
715,0,117.235796883999996,34.254465734000000
716,0,117.234542263999998,34.254630983500000
717,0,117.235027727000002,34.254385497199998
718,0,117.235499551000004,34.253901996499998
719,0,117.235922909999999,34.253616218399998
720,0,117.235048836000004,34.253523998100000
721,0,117.233374952000005,34.254351114000002
722,0,117.233434232999997,34.253780408600001
723,0,117.235118442000001,34.255420107799999
724,0,117.235093781000003,34.255990181300000
725,0,117.234496582999995,34.255724547900002
726,0,117.233863292999999,34.255353916099999
727,0,117.233080153000003,34.255802718399998
728,0,117.233097537999996,34.256682604399998
729,0,117.234671759999998,34.257010415499998
730,0,117.234001538000001,34.257166546699999
731,0,117.234658392000000,34.257940142099997
732,0,117.234623151999998,34.258346938599999
733,0,117.234564503000001,34.258640928600002
734,0,117.235025640000003,34.258649881499998
735,0,117.232864809000006,34.259321142600001
736,0,117.233829704000001,34.259095774000002
737,0,117.234821632999996,34.259123307000003
738,0,117.233647167000001,34.259851982999997
739,0,117.234975790999997,34.260216507599999
740,0,117.233822605000000,34.260774317399999
741,0,117.234881936999997,34.261116475599998
742,0,117.234842064999995,34.262397904600000
743,0,117.234290834999996,34.262014475800001
744,0,117.240646557000005,34.258895573200000
745,0,117.241308924999998,34.258468513399997
746,0,117.233178353000000,34.262749241599998
747,0,117.232635825000003,34.261584423300000
748,0,117.231790802999996,34.253817992800002
749,0,117.232373924000001,34.254194353999999
750,0,117.231397122999994,34.254397119799997
751,0,117.230392906999995,34.257226880200001
752,0,117.229383149000000,34.256728737600000
753,0,117.231685568000003,34.257972253799998
754,0,117.231019864000004,34.258085084100003
755,0,117.230953916000004,34.257851236400001
756,0,117.229839724000001,34.257926004200002
757,0,117.230325155000003,34.258570081599999
758,0,117.229772244000003,34.258502744799998
759,0,117.231709964000004,34.258686333299998
760,0,117.231762129000003,34.259416762900003
761,0,117.231133935000003,34.259190584099997
762,0,117.230500989000006,34.259805827000001
763,0,117.229614783000002,34.259776448399997
764,0,117.228787753000006,34.260626948000002
765,0,117.228601135999995,34.260173273200003
766,0,117.227722001000004,34.259649436200000
767,0,117.227748675000001,34.258869468500002
768,0,117.226639668999994,34.258748732800001
769,0,117.225967166999993,34.258965140299999
770,0,117.226531559999998,34.259281882099998
771,0,117.226340512999997,34.260294772000002
772,0,117.225582641000003,34.260187123000001
773,0,117.224412600999997,34.259194465000000
774,0,117.225571979999998,34.258623281900000
775,0,117.224500793999994,34.258136268999998
776,0,117.224572428000002,34.258297652499998
777,0,117.224934184999995,34.259523033599997
778,0,117.223633823000000,34.260629672000000
779,0,117.223501540000001,34.261431828600003
780,0,117.224917474999998,34.260356960099998
781,0,117.224803437999995,34.260265470500002
782,0,117.199573272999999,34.263316084300001
783,0,117.199832852000000,34.261320716599997
784,0,117.200452384000002,34.260613592500000
785,0,117.201341319999997,34.260713122399999
786,0,117.200407585999997,34.259762007399999
787,0,117.198943874999998,34.259618682800003
788,0,117.199043302000007,34.259020370300000
789,0,117.198422792000002,34.258760223300001
790,0,117.198209773000002,34.258555382200001
791,0,117.198807654000007,34.256481541799999
792,0,117.197862639999997,34.256904839900002
793,0,117.197921371999996,34.256619562799997
794,0,117.198823676000004,34.255822838299999
795,0,117.199280912000006,34.255578281100000
796,0,117.198933937000007,34.254363859999998
797,0,117.198979453000007,34.254000980800001
798,0,117.198143548000004,34.253885097500003
799,0,117.197503424000004,34.253277444799998
800,0,117.198171871000000,34.253189283799998
801,0,117.198364248999994,34.253248288999998
802,0,117.197731083999997,34.252956344099999
803,0,117.197458366000006,34.252737694099999
804,0,117.197477676999995,34.252529523699998
805,0,117.205187238999997,34.260976946100001
806,0,117.205432450000004,34.260429152000000
807,0,117.206003366000004,34.260884364399999
808,0,117.206062027000002,34.260527013100003
809,0,117.206303258999995,34.260301144499998
810,0,117.206967876999997,34.260679435500002
811,0,117.209133210999994,34.261785781900002
812,0,117.211365361000006,34.262008243600000
813,0,117.212087351999998,34.262087351700004
814,0,117.212485048000005,34.262289421699997
815,0,117.219819362999999,34.259499570400003
816,0,117.221283550999999,34.259590524200000
817,0,117.220862324999999,34.260415089399999
818,0,117.228217174999997,34.255635900700000
819,0,117.252991809999997,34.246527480399998
820,0,117.253236565999998,34.246541286199999
821,0,117.253238469999999,34.246026078800000
822,0,117.252898737999999,34.245371326099999
823,0,117.253088105000003,34.245305103900002
824,0,117.254983237000005,34.246274339400003
825,0,117.255965016000005,34.246100559399999
826,0,117.254950922999996,34.245845070199998
827,0,117.261507498000000,34.248165462700001
828,0,117.262710480999999,34.248185788699999
829,0,117.263276165999997,34.248319100300002
830,0,117.263786436000004,34.248366661399999
831,0,117.263188651999997,34.247887089800003
832,0,117.263770933999993,34.247817144800003
833,0,117.261219225000005,34.247456241199998
834,0,117.262170827999995,34.247554389100003
835,0,117.264117569999996,34.247341266600003
836,0,117.283229035000005,34.194736035699997
837,0,117.280313363999994,34.194266896599999
838,0,117.282503309999996,34.193166726599998
839,0,117.279137340000005,34.192724459300003
840,0,117.281174836000005,34.192289493499999
841,0,117.276602949999997,34.189601854199999
842,0,117.276459345000006,34.188594787299998
843,0,117.276280409999998,34.188013386700000
844,0,117.280623458999997,34.190573432500003
845,0,117.279544305000002,34.190515407100001
846,0,117.281615787000007,34.190449989199998
847,0,117.281903974000002,34.190934462900003
848,0,117.281652502000000,34.189394441300003
849,0,117.279531614999996,34.189099389600003
850,0,117.280846437999998,34.188705863000003
851,0,117.282429508000007,34.188687066999996
852,0,117.280769441999993,34.188095238999999
853,0,117.291981020999998,34.224026866199999
854,0,117.292032962999997,34.223368240799999
855,0,117.293662259000001,34.223526592200002
856,0,117.291894287000005,34.222298537900002
857,0,117.293497578000000,34.222434618000001
858,0,117.292404266000005,34.221781550300001
859,0,117.299212847999996,34.227198649999998
860,0,117.299826577999994,34.226678639100001
861,0,117.299287539999995,34.226324989200002
862,0,117.299356270999994,34.225856872400001
863,0,117.297627782000006,34.224189369400001
864,0,117.297421267000004,34.223478096800001
865,0,117.299415518000004,34.223630222300002
866,0,117.297531507000002,34.223002902600001
867,0,117.299336057000005,34.222932520299999
868,0,117.297969163000005,34.222336899900000
869,0,117.299770469999999,34.222630692899997
870,0,117.301977441000005,34.224728089400003
871,0,117.301085103999995,34.223859572099997
872,0,117.302736216000000,34.223839550100003
873,0,117.302578690000004,34.223278557000000
874,0,117.300472010999997,34.222735940200003
875,0,117.302625583999998,34.222640617300002
876,0,117.300942687000003,34.221970794299999
877,0,117.302248399000007,34.221865448599999
878,0,117.284532694999996,34.184700745199997
879,0,117.285477635000007,34.184276511400000
880,0,117.283974791000006,34.183927240700001
881,0,117.285155540999995,34.183328106899999
882,0,117.284290358000007,34.183205746100001
883,0,117.284791182999996,34.182701861399998
884,0,117.282946425000006,34.182856406399999
885,0,117.282592864999998,34.182401691199999
886,0,117.283737321999993,34.181321882500001
887,0,117.284462528999995,34.181905175399997
888,0,117.285394440999994,34.186021968100000
889,0,117.285519774999997,34.185227445300001
890,0,117.286515054999995,34.184933714600000
891,0,117.290393413999993,34.223815763700003
892,0,117.289825319000002,34.223446255399999
893,0,117.290918648000002,34.222742415200003
894,0,117.289635606000004,34.222381946100001
895,0,117.263353825999999,34.181107080200000
896,0,117.262888782000005,34.180408919900003
897,0,117.260656363999999,34.179699770600003
898,0,117.260400563000005,34.179052676900000
899,0,117.260495973999994,34.178093650800001
900,0,117.264685830000005,34.179742511199997
901,0,117.263796112999998,34.179080045799999
902,0,117.264593828000002,34.178982644800001
903,0,117.265923713999996,34.178343963800003
904,0,117.266682536999994,34.177974005999999
905,0,117.266257460999995,34.177613996600002
906,0,117.267755776000001,34.176841001200003
907,0,117.268497088999993,34.176549270199999
908,0,117.268201415999997,34.175734331800001
909,0,117.261491081000003,34.177078769399998
910,0,117.260434078000003,34.176978071100002
911,0,117.260064693000004,34.176163868800003
912,0,117.262360326000007,34.176637650200000
913,0,117.263212921999994,34.176567893600001
914,0,117.259497787000001,34.175479465700001
915,0,117.259404720000006,34.174513930200000
916,0,117.261083407000001,34.174664679599999
917,0,117.262920226000006,34.175376250500001
918,0,117.262193910999997,34.175110658800001
919,0,117.262848332999994,34.174440154099997
920,0,117.262073154999996,34.174333045700003
921,0,117.260112652999993,34.174164692600002
922,0,117.262588171000004,34.173620072699997
923,0,117.259127977000006,34.173566111000000
924,0,117.260826429999995,34.173512567099998
925,0,117.261849678999994,34.173312890600002
926,0,117.259000357999994,34.172480218700002
927,0,117.258753067000001,34.171735260900000
928,0,117.258937885999998,34.170986862699998
929,0,117.259749678999995,34.170992206999998
930,0,117.258009364000003,34.170645153700001
931,0,117.259242240000006,34.170178103200001
932,0,117.262540189999996,34.172150659000003
933,0,117.261768282000006,34.171943457600001
934,0,117.261673408999997,34.170920586999998
935,0,117.261418382000002,34.170483679100002
936,0,117.263068352999994,34.170972846300003
937,0,117.262939966000005,34.171547676099998
938,0,117.263638916999994,34.172177021899998
939,0,117.265253647999998,34.176779658100003
940,0,117.266012707000002,34.176351345999997
941,0,117.264893212000004,34.176080992999999
942,0,117.266071767000000,34.175715570000001
943,0,117.267619632000006,34.175474731599998
944,0,117.264830375000003,34.174958679400000
945,0,117.266281436000000,34.175130328999998
946,0,117.264518136999996,34.174194529300003
947,0,117.265178676000005,34.174041612700002
948,0,117.266093514999994,34.174062530599997
949,0,117.265637818000002,34.173484289199997
950,0,117.267951069999995,34.173301866400003
951,0,117.267939483999996,34.172396076699997
952,0,117.267915063999993,34.171643007800000
953,0,117.266442827000006,34.171068191099998
954,0,117.264726796999994,34.171247600199997
955,0,117.275884933000000,34.220182860500003
956,0,117.275421270999999,34.219643016399999
957,0,117.276110086000003,34.219407545000003
958,0,117.276628196000004,34.220082332899999
959,0,117.277803809000005,34.220078402799999
960,0,117.277753869999998,34.219492470200002
961,0,117.278489160000007,34.220100422599998
962,0,117.276120012999996,34.218839762800002
963,0,117.275994064000002,34.218371881700001
964,0,117.276833359999998,34.217909028599998
965,0,117.277266898999997,34.218603258999998
966,0,117.278227620999999,34.218103866400000
967,0,117.275859232000002,34.216963217199996
968,0,117.275884982999997,34.216593000700001
969,0,117.277311142000002,34.216555298700001
970,0,117.278112376999999,34.216672758700000
971,0,117.279367762000007,34.220169512699997
972,0,117.279713389999998,34.219618456900001
973,0,117.280952577999997,34.219436664200003
974,0,117.281145863000006,34.220089822299997
975,0,117.279646228000004,34.218534881300002
976,0,117.279783050999995,34.218063834699997
977,0,117.279735435999996,34.216916073800000
978,0,117.281467656999993,34.216552162600003
979,0,117.279640705000006,34.215715024500000
980,0,117.281086235999993,34.215247398700001
981,0,117.283815266000005,34.220347585799999
982,0,117.282948180999995,34.220367080899997
983,0,117.282226015999996,34.219643640999998
984,0,117.284377825000007,34.218628242500003
985,0,117.282570661999998,34.217290440200003
986,0,117.283615759000000,34.217278486500000
987,0,117.281001588999999,34.214542653700001
988,0,117.282745532000007,34.213048100199998
989,0,117.283760310999995,34.213143550200002
990,0,117.284020075000001,34.212409363900001
991,0,117.282851515000004,34.211742057899997
992,0,117.282859353000006,34.210907612299998
993,0,117.283917480000000,34.210025024300002
994,0,117.282643084000000,34.209598231299999
995,0,117.283601255999997,34.209310907099997
996,0,117.281843219999999,34.212548155400000
997,0,117.288947401000001,34.217159982699997
998,0,117.289440479000007,34.216512825800002
999,0,117.290087963000005,34.216938646300001
1000,0,117.288159750000005,34.216325024699998
1001,0,117.288274572999995,34.215380476400000
1002,0,117.290009621999999,34.215489683400001
1003,0,117.290821906999994,34.215691695499999
1004,0,117.290666830999996,34.214916273199997
1005,0,117.288357421000001,34.214625957999999
1006,0,117.289675093000000,34.214570378900000
1007,0,117.288099064999997,34.213177946499997
1008,0,117.287805441000003,34.212951246099998
1009,0,117.287781115000001,34.212552177699997
1010,0,117.288111536000002,34.212343093299999
1011,0,117.288893510999998,34.212648151200000
1012,0,117.289701691999994,34.212172382799999
1013,0,117.287632114999994,34.211409188700003
1014,0,117.290347541000003,34.211609642100001
1015,0,117.290609067000005,34.210848934600001
1016,0,117.290107672999994,34.210872383900004
1017,0,117.289521219999997,34.210705214100003
1018,0,117.287630086999997,34.210975518900000
1019,0,117.287967260000002,34.209874057900002
1020,0,117.289524064000005,34.210085062899999
1021,0,117.290402311999998,34.210189658099999
1022,0,117.290253046000004,34.209359560300001
1023,0,117.288523995999995,34.209181587800003
1024,0,117.292041440999995,34.212738711699998
1025,0,117.291308095000005,34.211773261499999
1026,0,117.291307900000007,34.211104766699997
1027,0,117.293292735999998,34.211902918900002
1028,0,117.293295322000006,34.210715872599998
1029,0,117.291296470999995,34.210091628699999
1030,0,117.293136623999999,34.210033561700001
1031,0,117.295929985000001,34.209921061999999
1032,0,117.294202987999995,34.210032551200001
1033,0,117.293987529000006,34.210683038200003
1034,0,117.295035229999996,34.210618904500002
1035,0,117.295374486000000,34.211166687000002
1036,0,117.293981055000003,34.211861911900002
1037,0,117.295967560999998,34.212057889599997
1038,0,117.294850694999994,34.212189778199999
1039,0,117.290262952999996,34.207733261000001
1040,0,117.290328340000002,34.207266002200001
1041,0,117.289601766999994,34.206778750600002
1042,0,117.288453406000002,34.206777480699998
1043,0,117.287209030000000,34.205977377899998
1044,0,117.290154588999997,34.206131448000001
1045,0,117.288506589999997,34.205535056199999
1046,0,117.289087878999993,34.205517786199998
1047,0,117.290483430999998,34.205610296099998
1048,0,117.287401427000006,34.204453450800003
1049,0,117.288753503999999,34.204487166699998
1050,0,117.287380857000002,34.203805992400000
1051,0,117.287959424999997,34.203414414500003
1052,0,117.290001974999996,34.204501076900002
1053,0,117.290200698999996,34.203849443000003
1054,0,117.263372412999999,34.217009272100000
1055,0,117.263880645000000,34.216709232800000
1056,0,117.262355705999994,34.216299067300000
1057,0,117.263512100000000,34.216379276300003
1058,0,117.262996076999997,34.215404036599999
1059,0,117.266971897000005,34.217281354800001
1060,0,117.267634185000006,34.217276730999998
1061,0,117.265206429000003,34.216681222500000
1062,0,117.265181854000005,34.216168613800001
1063,0,117.268266178000005,34.216672660699999
1064,0,117.267055795000005,34.215105355100000
1065,0,117.266781241000004,34.218686950699997
1066,0,117.267079903999999,34.219308443400003
1067,0,117.267394541000002,34.219683429000000
1068,0,117.267996210000007,34.219940534800003
1069,0,117.289370727999994,34.198207359800001
1070,0,117.290160001000004,34.197886670899997
1071,0,117.290193979999998,34.197190901900001
1072,0,117.290180219999996,34.196526253599998
1073,0,117.289019117999999,34.196115556599999
1074,0,117.288906412000003,34.196735978800000
1075,0,117.287598389999999,34.197015737999997
1076,0,117.286708997999995,34.197723844199999
1077,0,117.288349288000006,34.198352877600001
1078,0,117.288356575999998,34.194806739999997
1079,0,117.288370135999998,34.194405037400003
1080,0,117.290038467000002,34.194799675200002
1081,0,117.289998870000005,34.194084841799999
1082,0,117.288176368999999,34.193788346600002
1083,0,117.286760939000004,34.194106432100000
1084,0,117.288228422000003,34.192921978800001
1085,0,117.290077921000005,34.192825523800003
1086,0,117.289848160000005,34.192033298799998
1087,0,117.288432702999998,34.192042168800000
1088,0,117.286430026000005,34.190858596500000
1089,0,117.286883517000007,34.190568288300000
1090,0,117.286387339000001,34.190288150900003
1091,0,117.287811766000004,34.190421292200000
1092,0,117.287780374999997,34.189968174100002
1093,0,117.288706911999995,34.190416485500002
1094,0,117.288826779000004,34.190635643599997
1095,0,117.290054428999994,34.190524618200001
1096,0,117.289834042999999,34.189869997999999
1097,0,117.288102721000001,34.189220511999999
1098,0,117.288995356000001,34.188791458300003
1099,0,117.288130214999995,34.188105197299997
1100,0,117.287898229000007,34.187634580299999
1101,0,117.270995147999997,34.180316105199999
1102,0,117.270111760000006,34.180210908500001
1103,0,117.293568563999997,34.181423015699998
1104,0,117.293560192000001,34.180729288000002
1105,0,117.292533270999996,34.180449908900002
1106,0,117.292654507999998,34.179982405499999
1107,0,117.289865649000006,34.179924448500003
1108,0,117.289909198000004,34.179225586199998
1109,0,117.288716602999997,34.178907680000002
1110,0,117.287520864000001,34.179610656000001
1111,0,117.287669794999999,34.178812096599998
1112,0,117.233821763999998,34.205573086299999
1113,0,117.234164761000002,34.205028983600002
1114,0,117.235490139999996,34.205378934099997
1115,0,117.234853903000001,34.204404451300000
1116,0,117.252288712999999,34.252972306799997
1117,0,117.252178877999995,34.252610719499998
1118,0,117.252529698999993,34.252142188400001
1119,0,117.252536609000003,34.251020935699998
1120,0,117.252058136000002,34.250850949899998
1121,0,117.252444698999994,34.250407461000002